product_name,product_description,part_number,category_id,supplier_id,storage_location,date_added,last_update,status,unit_cost,retail_price
Auto Part 1,Description for Auto Part 1,PN00001,40,393,Location 4,2025-12-20 00:00:00,2026-04-19 00:00:00,INACTIVE,224.61,413.23
Auto Part 2,Description for Auto Part 2,PN00002,65,317,Location 13,2026-04-09 00:00:00,2026-04-25 00:00:00,ACTIVE,416.36,978.85
Auto Part 3,Description for Auto Part 3,PN00003,19,345,Location 4,2026-03-24 00:00:00,2026-03-26 00:00:00,ACTIVE,389.27,891.98
Auto Part 4,Description for Auto Part 4,PN00004,43,649,Location 16,2025-04-14 00:00:00,2025-09-22 00:00:00,INACTIVE,400.21,607.44
Auto Part 5,Description for Auto Part 5,PN00005,25,377,Location 12,2025-06-14 00:00:00,2026-02-10 00:00:00,ACTIVE,255.98,424.49
Auto Part 6,Description for Auto Part 6,PN00006,61,442,Location 14,2025-10-29 00:00:00,2026-02-10 00:00:00,ACTIVE,436.39,787.87
Auto Part 7,Description for Auto Part 7,PN00007,33,267,Location 2,2025-10-30 00:00:00,2026-01-13 00:00:00,ACTIVE,281.54,363.98
Auto Part 8,Description for Auto Part 8,PN00008,12,704,Location 18,2025-02-28 00:00:00,2025-07-05 00:00:00,INACTIVE,78.19,143.36
Auto Part 9,Description for Auto Part 9,PN00009,68,480,Location 16,2026-02-04 00:00:00,2026-03-18 00:00:00,ACTIVE,415.08,1037.5
Auto Part 10,Description for Auto Part 10,PN00010,35,499,Location 17,2025-04-16 00:00:00,2026-02-04 00:00:00,ACTIVE,285.19,540.56
Auto Part 11,Description for Auto Part 11,PN00011,16,79,Location 9,2026-03-31 00:00:00,2026-04-07 00:00:00,ACTIVE,293.11,628.97
Auto Part 12,Description for Auto Part 12,PN00012,27,683,Location 4,2025-01-28 00:00:00,2025-12-17 00:00:00,ACTIVE,194.59,279.09
Auto Part 13,Description for Auto Part 13,PN00013,32,548,Location 16,2026-02-01 00:00:00,2026-03-21 00:00:00,ACTIVE,103.11,174.98
Auto Part 14,Description for Auto Part 14,PN00014,14,497,Location 20,2025-03-04 00:00:00,2026-03-16 00:00:00,INACTIVE,186.58,413.72
Auto Part 15,Description for Auto Part 15,PN00015,27,570,Location 12,2026-02-07 00:00:00,2026-04-09 00:00:00,INACTIVE,91.39,200.46
Auto Part 16,Description for Auto Part 16,PN00016,24,308,Location 9,2025-10-03 00:00:00,2025-12-16 00:00:00,ACTIVE,217.57,326.99
Auto Part 17,Description for Auto Part 17,PN00017,62,71,Location 13,2025-07-25 00:00:00,2025-12-17 00:00:00,ACTIVE,373.03,699.7
Auto Part 18,Description for Auto Part 18,PN00018,65,375,Location 14,2025-02-18 00:00:00,2025-12-06 00:00:00,ACTIVE,356.71,807.29
Auto Part 19,Description for Auto Part 19,PN00019,45,80,Location 11,2025-03-22 00:00:00,2026-01-15 00:00:00,ACTIVE,344.95,807.21
Auto Part 20,Description for Auto Part 20,PN00020,36,55,Location 8,2025-09-09 00:00:00,2025-09-15 00:00:00,ACTIVE,67.34,84.91
Auto Part 21,Description for Auto Part 21,PN00021,51,518,Location 18,2025-12-11 00:00:00,2026-04-24 00:00:00,ACTIVE,204.73,502.06
Auto Part 22,Description for Auto Part 22,PN00022,44,780,Location 20,2025-09-12 00:00:00,2026-02-27 00:00:00,ACTIVE,287.95,528.25
Auto Part 23,Description for Auto Part 23,PN00023,11,763,Location 2,2025-12-01 00:00:00,2026-03-02 00:00:00,ACTIVE,131.81,283.18
Auto Part 24,Description for Auto Part 24,PN00024,26,232,Location 15,2025-08-18 00:00:00,2025-09-27 00:00:00,ACTIVE,305.87,549.11
Auto Part 25,Description for Auto Part 25,PN00025,27,573,Location 15,2025-01-25 00:00:00,2026-01-06 00:00:00,ACTIVE,87.06,138.97
Auto Part 26,Description for Auto Part 26,PN00026,38,588,Location 8,2025-10-07 00:00:00,2026-03-18 00:00:00,ACTIVE,328.26,413.43
Auto Part 27,Description for Auto Part 27,PN00027,70,503,Location 9,2026-04-19 00:00:00,2026-04-22 00:00:00,ACTIVE,441.09,1015.11
Auto Part 28,Description for Auto Part 28,PN00028,11,841,Location 19,2025-01-14 00:00:00,2026-03-26 00:00:00,ACTIVE,98.22,194.24
Auto Part 29,Description for Auto Part 29,PN00029,60,943,Location 20,2025-12-06 00:00:00,2026-02-09 00:00:00,ACTIVE,174.79,389.56
Auto Part 30,Description for Auto Part 30,PN00030,28,391,Location 7,2025-01-01 00:00:00,2026-02-20 00:00:00,INACTIVE,330.25,427.44
Auto Part 31,Description for Auto Part 31,PN00031,5,50,Location 6,2026-03-21 00:00:00,2026-03-31 00:00:00,ACTIVE,401.04,715.42
Auto Part 32,Description for Auto Part 32,PN00032,21,684,Location 9,2026-01-06 00:00:00,2026-03-26 00:00:00,ACTIVE,364.93,421.88
Auto Part 33,Description for Auto Part 33,PN00033,37,660,Location 18,2025-01-23 00:00:00,2025-10-26 00:00:00,ACTIVE,269.24,529.34
Auto Part 34,Description for Auto Part 34,PN00034,59,759,Location 1,2025-07-22 00:00:00,2025-12-01 00:00:00,ACTIVE,426.12,672.52
Auto Part 35,Description for Auto Part 35,PN00035,50,120,Location 3,2025-06-26 00:00:00,2025-08-09 00:00:00,ACTIVE,63.16,134.46
Auto Part 36,Description for Auto Part 36,PN00036,64,804,Location 7,2025-01-06 00:00:00,2026-01-20 00:00:00,ACTIVE,146.59,360.66
Auto Part 37,Description for Auto Part 37,PN00037,2,566,Location 20,2025-02-07 00:00:00,2025-09-09 00:00:00,ACTIVE,143.11,268.62
Auto Part 38,Description for Auto Part 38,PN00038,32,484,Location 3,2025-11-02 00:00:00,2025-12-30 00:00:00,ACTIVE,396.78,957.16
Auto Part 39,Description for Auto Part 39,PN00039,17,960,Location 11,2025-02-14 00:00:00,2025-06-14 00:00:00,ACTIVE,292.59,690.48
Auto Part 40,Description for Auto Part 40,PN00040,32,16,Location 9,2025-07-17 00:00:00,2026-04-27 00:00:00,ACTIVE,407.66,448.63
Auto Part 41,Description for Auto Part 41,PN00041,7,143,Location 8,2025-03-31 00:00:00,2025-11-24 00:00:00,ACTIVE,226.2,544.06
Auto Part 42,Description for Auto Part 42,PN00042,16,172,Location 14,2025-03-13 00:00:00,2025-08-10 00:00:00,INACTIVE,415.64,596.19
Auto Part 43,Description for Auto Part 43,PN00043,2,499,Location 11,2025-01-01 00:00:00,2025-01-04 00:00:00,ACTIVE,158.0,380.76
Auto Part 44,Description for Auto Part 44,PN00044,4,184,Location 4,2025-05-09 00:00:00,2025-11-29 00:00:00,ACTIVE,413.42,654.78
Auto Part 45,Description for Auto Part 45,PN00045,46,620,Location 14,2025-09-22 00:00:00,2026-04-27 00:00:00,INACTIVE,113.01,148.8
Auto Part 46,Description for Auto Part 46,PN00046,11,33,Location 15,2025-01-28 00:00:00,2025-10-31 00:00:00,ACTIVE,85.83,104.09
Auto Part 47,Description for Auto Part 47,PN00047,31,968,Location 3,2025-11-07 00:00:00,2025-11-19 00:00:00,ACTIVE,175.06,377.34
Auto Part 48,Description for Auto Part 48,PN00048,28,747,Location 3,2026-03-10 00:00:00,2026-03-12 00:00:00,INACTIVE,259.69,420.47
Auto Part 49,Description for Auto Part 49,PN00049,54,172,Location 8,2026-03-16 00:00:00,2026-04-06 00:00:00,ACTIVE,94.64,124.12
Auto Part 50,Description for Auto Part 50,PN00050,11,399,Location 7,2025-03-30 00:00:00,2025-09-20 00:00:00,ACTIVE,198.98,258.82
Auto Part 51,Description for Auto Part 51,PN00051,43,870,Location 10,2025-02-02 00:00:00,2025-05-02 00:00:00,ACTIVE,454.14,886.59
Auto Part 52,Description for Auto Part 52,PN00052,12,812,Location 7,2025-08-02 00:00:00,2025-08-18 00:00:00,ACTIVE,274.91,431.84
Auto Part 53,Description for Auto Part 53,PN00053,22,671,Location 11,2025-02-07 00:00:00,2026-04-08 00:00:00,INACTIVE,421.22,989.18
Auto Part 54,Description for Auto Part 54,PN00054,15,571,Location 14,2025-05-12 00:00:00,2026-03-30 00:00:00,INACTIVE,383.95,827.79
Auto Part 55,Description for Auto Part 55,PN00055,51,621,Location 5,2025-03-06 00:00:00,2026-02-10 00:00:00,INACTIVE,374.88,600.39
Auto Part 56,Description for Auto Part 56,PN00056,9,150,Location 18,2025-11-10 00:00:00,2026-03-05 00:00:00,ACTIVE,242.87,495.05
Auto Part 57,Description for Auto Part 57,PN00057,28,901,Location 8,2025-04-27 00:00:00,2026-01-28 00:00:00,ACTIVE,373.84,858.54
Auto Part 58,Description for Auto Part 58,PN00058,57,706,Location 11,2025-08-12 00:00:00,2026-02-11 00:00:00,ACTIVE,435.18,849.37
Auto Part 59,Description for Auto Part 59,PN00059,57,370,Location 8,2026-01-15 00:00:00,2026-01-18 00:00:00,ACTIVE,266.65,599.09
Auto Part 60,Description for Auto Part 60,PN00060,66,539,Location 20,2025-02-11 00:00:00,2026-04-10 00:00:00,ACTIVE,94.97,195.26
Auto Part 61,Description for Auto Part 61,PN00061,22,236,Location 20,2025-08-16 00:00:00,2026-04-03 00:00:00,ACTIVE,487.55,602.01
Auto Part 62,Description for Auto Part 62,PN00062,25,115,Location 18,2025-11-01 00:00:00,2025-12-23 00:00:00,ACTIVE,441.47,810.35
Auto Part 63,Description for Auto Part 63,PN00063,21,983,Location 12,2025-09-18 00:00:00,2026-04-03 00:00:00,ACTIVE,478.46,915.42
Auto Part 64,Description for Auto Part 64,PN00064,53,526,Location 8,2026-02-15 00:00:00,2026-04-17 00:00:00,ACTIVE,273.58,454.41
Auto Part 65,Description for Auto Part 65,PN00065,57,508,Location 18,2025-10-03 00:00:00,2026-03-20 00:00:00,ACTIVE,301.31,444.62
Auto Part 66,Description for Auto Part 66,PN00066,35,406,Location 7,2025-03-30 00:00:00,2025-08-17 00:00:00,ACTIVE,452.78,730.26
Auto Part 67,Description for Auto Part 67,PN00067,68,461,Location 8,2025-10-18 00:00:00,2026-01-23 00:00:00,ACTIVE,336.28,496.36
Auto Part 68,Description for Auto Part 68,PN00068,28,16,Location 17,2026-01-21 00:00:00,2026-04-18 00:00:00,ACTIVE,245.6,310.77
Auto Part 69,Description for Auto Part 69,PN00069,55,163,Location 19,2025-08-12 00:00:00,2025-09-05 00:00:00,ACTIVE,472.85,1079.29
Auto Part 70,Description for Auto Part 70,PN00070,11,70,Location 10,2025-05-21 00:00:00,2026-03-25 00:00:00,ACTIVE,461.7,827.22
Auto Part 71,Description for Auto Part 71,PN00071,16,389,Location 6,2025-08-24 00:00:00,2026-03-19 00:00:00,ACTIVE,202.63,437.02
Auto Part 72,Description for Auto Part 72,PN00072,56,335,Location 14,2026-02-03 00:00:00,2026-04-19 00:00:00,ACTIVE,177.91,374.45
Auto Part 73,Description for Auto Part 73,PN00073,58,526,Location 1,2025-07-08 00:00:00,2026-04-05 00:00:00,ACTIVE,191.44,426.31
Auto Part 74,Description for Auto Part 74,PN00074,32,411,Location 19,2025-03-17 00:00:00,2025-04-27 00:00:00,ACTIVE,258.9,617.09
Auto Part 75,Description for Auto Part 75,PN00075,40,981,Location 10,2026-02-26 00:00:00,2026-04-02 00:00:00,ACTIVE,342.7,594.48
Auto Part 76,Description for Auto Part 76,PN00076,69,395,Location 20,2025-10-28 00:00:00,2025-11-09 00:00:00,ACTIVE,333.83,496.44
Auto Part 77,Description for Auto Part 77,PN00077,9,809,Location 8,2026-03-02 00:00:00,2026-03-10 00:00:00,ACTIVE,310.91,722.24
Auto Part 78,Description for Auto Part 78,PN00078,42,46,Location 15,2026-01-09 00:00:00,2026-03-05 00:00:00,ACTIVE,315.95,366.66
Auto Part 79,Description for Auto Part 79,PN00079,56,571,Location 17,2025-04-09 00:00:00,2025-12-14 00:00:00,ACTIVE,428.47,1001.19
Auto Part 80,Description for Auto Part 80,PN00080,1,663,Location 20,2025-03-17 00:00:00,2025-08-01 00:00:00,ACTIVE,325.14,370.78
Auto Part 81,Description for Auto Part 81,PN00081,62,847,Location 6,2025-04-30 00:00:00,2025-10-02 00:00:00,ACTIVE,409.38,753.02
Auto Part 82,Description for Auto Part 82,PN00082,69,800,Location 14,2025-04-19 00:00:00,2025-12-04 00:00:00,ACTIVE,204.46,236.32
Auto Part 83,Description for Auto Part 83,PN00083,69,536,Location 18,2026-03-23 00:00:00,2026-03-24 00:00:00,ACTIVE,469.69,1031.1
Auto Part 84,Description for Auto Part 84,PN00084,22,58,Location 4,2025-06-22 00:00:00,2025-12-29 00:00:00,ACTIVE,258.29,508.61
Auto Part 85,Description for Auto Part 85,PN00085,47,639,Location 1,2026-02-25 00:00:00,2026-03-16 00:00:00,ACTIVE,427.25,921.2
Auto Part 86,Description for Auto Part 86,PN00086,61,896,Location 4,2026-02-20 00:00:00,2026-03-05 00:00:00,INACTIVE,413.8,677.1
Auto Part 87,Description for Auto Part 87,PN00087,50,38,Location 2,2025-05-15 00:00:00,2026-02-20 00:00:00,ACTIVE,485.15,932.72
Auto Part 88,Description for Auto Part 88,PN00088,41,500,Location 5,2025-04-25 00:00:00,2026-04-17 00:00:00,ACTIVE,360.93,886.43
Auto Part 89,Description for Auto Part 89,PN00089,33,427,Location 16,2025-10-12 00:00:00,2026-01-05 00:00:00,ACTIVE,223.0,465.82
Auto Part 90,Description for Auto Part 90,PN00090,61,165,Location 1,2025-11-18 00:00:00,2025-12-24 00:00:00,ACTIVE,161.69,294.18
Auto Part 91,Description for Auto Part 91,PN00091,66,128,Location 7,2025-02-23 00:00:00,2026-03-11 00:00:00,ACTIVE,95.81,211.44
Auto Part 92,Description for Auto Part 92,PN00092,25,33,Location 15,2025-03-28 00:00:00,2025-07-08 00:00:00,ACTIVE,75.02,108.84
Auto Part 93,Description for Auto Part 93,PN00093,13,746,Location 5,2026-01-11 00:00:00,2026-03-29 00:00:00,ACTIVE,345.48,466.09
Auto Part 94,Description for Auto Part 94,PN00094,2,736,Location 6,2025-02-07 00:00:00,2026-03-07 00:00:00,ACTIVE,280.91,697.69
Auto Part 95,Description for Auto Part 95,PN00095,3,283,Location 3,2026-03-16 00:00:00,2026-03-29 00:00:00,ACTIVE,373.45,516.79
Auto Part 96,Description for Auto Part 96,PN00096,20,176,Location 15,2025-02-22 00:00:00,2025-12-27 00:00:00,INACTIVE,485.86,1009.56
Auto Part 97,Description for Auto Part 97,PN00097,46,937,Location 16,2025-07-06 00:00:00,2026-04-09 00:00:00,ACTIVE,487.2,1058.1
Auto Part 98,Description for Auto Part 98,PN00098,9,763,Location 11,2025-06-28 00:00:00,2025-12-02 00:00:00,ACTIVE,199.46,472.42
Auto Part 99,Description for Auto Part 99,PN00099,58,568,Location 20,2025-11-07 00:00:00,2026-03-26 00:00:00,ACTIVE,265.71,416.44
Auto Part 100,Description for Auto Part 100,PN00100,19,813,Location 18,2026-03-27 00:00:00,2026-04-27 00:00:00,ACTIVE,227.43,493.65
Auto Part 101,Description for Auto Part 101,PN00101,34,726,Location 17,2025-12-31 00:00:00,2026-04-25 00:00:00,ACTIVE,103.96,115.27
Auto Part 102,Description for Auto Part 102,PN00102,54,141,Location 4,2026-04-17 00:00:00,2026-04-22 00:00:00,ACTIVE,495.76,753.6
Auto Part 103,Description for Auto Part 103,PN00103,31,531,Location 4,2026-02-10 00:00:00,2026-04-17 00:00:00,ACTIVE,68.84,165.78
Auto Part 104,Description for Auto Part 104,PN00104,70,940,Location 6,2025-09-01 00:00:00,2026-03-29 00:00:00,INACTIVE,134.52,153.9
Auto Part 105,Description for Auto Part 105,PN00105,26,286,Location 2,2025-07-15 00:00:00,2026-04-22 00:00:00,ACTIVE,76.38,187.47
Auto Part 106,Description for Auto Part 106,PN00106,46,825,Location 10,2025-02-12 00:00:00,2025-07-26 00:00:00,ACTIVE,307.74,647.01
Auto Part 107,Description for Auto Part 107,PN00107,16,65,Location 17,2025-01-15 00:00:00,2025-12-03 00:00:00,ACTIVE,434.81,1017.68
Auto Part 108,Description for Auto Part 108,PN00108,61,30,Location 4,2026-02-03 00:00:00,2026-02-20 00:00:00,ACTIVE,95.65,202.97
Auto Part 109,Description for Auto Part 109,PN00109,17,689,Location 2,2025-06-03 00:00:00,2025-07-30 00:00:00,ACTIVE,134.85,276.06
Auto Part 110,Description for Auto Part 110,PN00110,3,560,Location 7,2026-01-25 00:00:00,2026-02-15 00:00:00,ACTIVE,435.49,782.51
Auto Part 111,Description for Auto Part 111,PN00111,4,969,Location 6,2026-04-18 00:00:00,2026-04-18 00:00:00,ACTIVE,54.97,72.56
Auto Part 112,Description for Auto Part 112,PN00112,10,436,Location 7,2025-09-08 00:00:00,2026-03-10 00:00:00,ACTIVE,96.68,238.84
Auto Part 113,Description for Auto Part 113,PN00113,63,29,Location 10,2026-04-14 00:00:00,2026-04-15 00:00:00,ACTIVE,353.15,470.99
Auto Part 114,Description for Auto Part 114,PN00114,64,437,Location 4,2026-01-21 00:00:00,2026-02-18 00:00:00,ACTIVE,431.57,1062.89
Auto Part 115,Description for Auto Part 115,PN00115,54,273,Location 12,2026-04-16 00:00:00,2026-04-19 00:00:00,ACTIVE,364.21,777.2
Auto Part 116,Description for Auto Part 116,PN00116,41,939,Location 2,2026-01-29 00:00:00,2026-02-21 00:00:00,ACTIVE,292.04,365.53
Auto Part 117,Description for Auto Part 117,PN00117,64,362,Location 17,2025-10-04 00:00:00,2025-10-22 00:00:00,ACTIVE,205.3,302.68
Auto Part 118,Description for Auto Part 118,PN00118,5,413,Location 20,2025-04-08 00:00:00,2026-03-09 00:00:00,ACTIVE,307.06,587.84
Auto Part 119,Description for Auto Part 119,PN00119,20,554,Location 16,2025-11-17 00:00:00,2026-04-13 00:00:00,ACTIVE,377.19,772.73
Auto Part 120,Description for Auto Part 120,PN00120,68,532,Location 7,2025-10-28 00:00:00,2025-12-01 00:00:00,ACTIVE,66.27,75.85
Auto Part 121,Description for Auto Part 121,PN00121,50,36,Location 20,2025-08-28 00:00:00,2026-02-21 00:00:00,ACTIVE,238.99,504.45
Auto Part 122,Description for Auto Part 122,PN00122,51,825,Location 17,2025-09-16 00:00:00,2026-03-27 00:00:00,ACTIVE,243.04,295.38
Auto Part 123,Description for Auto Part 123,PN00123,47,186,Location 8,2025-10-06 00:00:00,2025-10-25 00:00:00,ACTIVE,171.77,404.57
Auto Part 124,Description for Auto Part 124,PN00124,16,956,Location 16,2026-03-11 00:00:00,2026-03-14 00:00:00,INACTIVE,421.06,508.17
Auto Part 125,Description for Auto Part 125,PN00125,57,579,Location 4,2025-04-12 00:00:00,2025-12-24 00:00:00,ACTIVE,291.59,539.52
Auto Part 126,Description for Auto Part 126,PN00126,56,809,Location 20,2025-10-04 00:00:00,2025-11-05 00:00:00,ACTIVE,455.99,824.81
Auto Part 127,Description for Auto Part 127,PN00127,13,435,Location 7,2025-04-26 00:00:00,2026-04-25 00:00:00,ACTIVE,250.22,375.05
Auto Part 128,Description for Auto Part 128,PN00128,5,143,Location 8,2025-03-30 00:00:00,2025-11-16 00:00:00,ACTIVE,218.7,279.18
Auto Part 129,Description for Auto Part 129,PN00129,27,401,Location 7,2025-01-27 00:00:00,2025-06-12 00:00:00,ACTIVE,396.49,567.42
Auto Part 130,Description for Auto Part 130,PN00130,59,477,Location 4,2025-12-24 00:00:00,2026-04-26 00:00:00,ACTIVE,453.18,777.93
Auto Part 131,Description for Auto Part 131,PN00131,18,97,Location 19,2025-03-02 00:00:00,2025-06-03 00:00:00,ACTIVE,84.49,197.92
Auto Part 132,Description for Auto Part 132,PN00132,47,352,Location 1,2025-08-13 00:00:00,2025-08-27 00:00:00,ACTIVE,235.85,584.38
Auto Part 133,Description for Auto Part 133,PN00133,8,41,Location 14,2025-02-22 00:00:00,2025-04-25 00:00:00,ACTIVE,225.11,253.5
Auto Part 134,Description for Auto Part 134,PN00134,20,5,Location 19,2025-02-09 00:00:00,2025-07-21 00:00:00,INACTIVE,178.68,330.3
Auto Part 135,Description for Auto Part 135,PN00135,59,737,Location 6,2026-03-31 00:00:00,2026-04-18 00:00:00,ACTIVE,305.89,408.63
Auto Part 136,Description for Auto Part 136,PN00136,29,964,Location 15,2025-04-13 00:00:00,2026-04-13 00:00:00,ACTIVE,84.05,185.87
Auto Part 137,Description for Auto Part 137,PN00137,7,208,Location 6,2025-07-02 00:00:00,2026-01-01 00:00:00,ACTIVE,343.61,631.67
Auto Part 138,Description for Auto Part 138,PN00138,25,220,Location 15,2025-04-19 00:00:00,2026-01-02 00:00:00,ACTIVE,231.17,272.99
Auto Part 139,Description for Auto Part 139,PN00139,7,165,Location 9,2026-04-19 00:00:00,2026-04-23 00:00:00,ACTIVE,237.84,375.35
Auto Part 140,Description for Auto Part 140,PN00140,14,917,Location 16,2025-12-18 00:00:00,2026-03-10 00:00:00,ACTIVE,341.65,542.71
Auto Part 141,Description for Auto Part 141,PN00141,28,600,Location 7,2025-08-12 00:00:00,2025-10-03 00:00:00,INACTIVE,332.05,640.77
Auto Part 142,Description for Auto Part 142,PN00142,50,488,Location 6,2025-04-23 00:00:00,2025-05-22 00:00:00,ACTIVE,80.67,131.8
Auto Part 143,Description for Auto Part 143,PN00143,31,323,Location 5,2025-02-06 00:00:00,2025-03-15 00:00:00,ACTIVE,476.94,782.55
Auto Part 144,Description for Auto Part 144,PN00144,70,148,Location 1,2025-11-06 00:00:00,2026-04-17 00:00:00,ACTIVE,112.29,250.68
Auto Part 145,Description for Auto Part 145,PN00145,53,801,Location 20,2026-02-21 00:00:00,2026-03-07 00:00:00,ACTIVE,245.56,430.62
Auto Part 146,Description for Auto Part 146,PN00146,43,798,Location 11,2025-12-03 00:00:00,2026-04-01 00:00:00,ACTIVE,294.96,533.3
Auto Part 147,Description for Auto Part 147,PN00147,59,893,Location 16,2026-04-01 00:00:00,2026-04-22 00:00:00,ACTIVE,402.52,489.44
Auto Part 148,Description for Auto Part 148,PN00148,5,782,Location 18,2025-02-04 00:00:00,2026-01-05 00:00:00,ACTIVE,53.52,96.97
Auto Part 149,Description for Auto Part 149,PN00149,49,285,Location 11,2026-02-05 00:00:00,2026-03-10 00:00:00,ACTIVE,51.98,113.0
Auto Part 150,Description for Auto Part 150,PN00150,58,62,Location 15,2026-04-11 00:00:00,2026-04-16 00:00:00,ACTIVE,250.86,429.2
Auto Part 151,Description for Auto Part 151,PN00151,45,862,Location 10,2025-05-23 00:00:00,2025-06-18 00:00:00,ACTIVE,175.44,352.89
Auto Part 152,Description for Auto Part 152,PN00152,49,972,Location 11,2025-08-05 00:00:00,2025-10-22 00:00:00,ACTIVE,297.14,438.24
Auto Part 153,Description for Auto Part 153,PN00153,3,246,Location 13,2026-02-28 00:00:00,2026-04-15 00:00:00,INACTIVE,276.26,570.34
Auto Part 154,Description for Auto Part 154,PN00154,68,286,Location 20,2025-06-16 00:00:00,2025-11-26 00:00:00,ACTIVE,247.57,594.88
Auto Part 155,Description for Auto Part 155,PN00155,52,410,Location 18,2025-03-28 00:00:00,2025-06-26 00:00:00,ACTIVE,66.36,158.18
Auto Part 156,Description for Auto Part 156,PN00156,63,714,Location 19,2025-02-15 00:00:00,2026-01-27 00:00:00,INACTIVE,455.3,743.5
Auto Part 157,Description for Auto Part 157,PN00157,56,868,Location 15,2025-03-01 00:00:00,2025-04-14 00:00:00,ACTIVE,252.94,612.83
Auto Part 158,Description for Auto Part 158,PN00158,57,227,Location 14,2025-04-02 00:00:00,2026-04-08 00:00:00,INACTIVE,198.05,405.14
Auto Part 159,Description for Auto Part 159,PN00159,22,773,Location 15,2025-09-20 00:00:00,2025-10-04 00:00:00,ACTIVE,116.5,219.35
Auto Part 160,Description for Auto Part 160,PN00160,18,768,Location 8,2026-02-13 00:00:00,2026-04-18 00:00:00,ACTIVE,478.11,550.28
Auto Part 161,Description for Auto Part 161,PN00161,44,303,Location 18,2026-02-15 00:00:00,2026-04-01 00:00:00,ACTIVE,361.67,556.17
Auto Part 162,Description for Auto Part 162,PN00162,10,707,Location 6,2025-09-02 00:00:00,2025-10-18 00:00:00,ACTIVE,359.71,613.59
Auto Part 163,Description for Auto Part 163,PN00163,13,325,Location 16,2025-10-06 00:00:00,2025-12-18 00:00:00,ACTIVE,96.22,186.68
Auto Part 164,Description for Auto Part 164,PN00164,37,316,Location 1,2025-01-11 00:00:00,2025-12-07 00:00:00,ACTIVE,152.4,257.28
Auto Part 165,Description for Auto Part 165,PN00165,37,692,Location 14,2025-02-24 00:00:00,2026-04-15 00:00:00,INACTIVE,303.21,466.09
Auto Part 166,Description for Auto Part 166,PN00166,44,105,Location 2,2025-03-09 00:00:00,2025-04-15 00:00:00,ACTIVE,260.18,374.8
Auto Part 167,Description for Auto Part 167,PN00167,4,825,Location 10,2025-06-12 00:00:00,2025-09-12 00:00:00,ACTIVE,452.72,1078.94
Auto Part 168,Description for Auto Part 168,PN00168,54,220,Location 12,2025-01-09 00:00:00,2026-02-05 00:00:00,ACTIVE,411.29,790.67
Auto Part 169,Description for Auto Part 169,PN00169,9,362,Location 13,2025-06-27 00:00:00,2025-12-21 00:00:00,ACTIVE,232.03,448.38
Auto Part 170,Description for Auto Part 170,PN00170,60,318,Location 3,2025-07-17 00:00:00,2025-08-29 00:00:00,ACTIVE,426.22,583.48
Auto Part 171,Description for Auto Part 171,PN00171,26,471,Location 13,2025-05-31 00:00:00,2026-03-16 00:00:00,ACTIVE,262.61,634.97
Auto Part 172,Description for Auto Part 172,PN00172,47,871,Location 19,2025-10-13 00:00:00,2026-04-07 00:00:00,ACTIVE,148.71,322.94
Auto Part 173,Description for Auto Part 173,PN00173,24,382,Location 6,2025-10-11 00:00:00,2026-04-17 00:00:00,INACTIVE,495.27,923.85
Auto Part 174,Description for Auto Part 174,PN00174,44,92,Location 8,2026-02-11 00:00:00,2026-02-13 00:00:00,ACTIVE,363.38,672.73
Auto Part 175,Description for Auto Part 175,PN00175,4,555,Location 12,2026-04-14 00:00:00,2026-04-22 00:00:00,ACTIVE,102.78,153.02
Auto Part 176,Description for Auto Part 176,PN00176,54,299,Location 9,2026-03-09 00:00:00,2026-03-14 00:00:00,INACTIVE,298.4,636.05
Auto Part 177,Description for Auto Part 177,PN00177,64,237,Location 11,2026-01-19 00:00:00,2026-04-15 00:00:00,ACTIVE,446.92,933.18
Auto Part 178,Description for Auto Part 178,PN00178,13,733,Location 4,2025-07-11 00:00:00,2025-08-24 00:00:00,ACTIVE,283.57,382.75
Auto Part 179,Description for Auto Part 179,PN00179,50,754,Location 8,2025-08-20 00:00:00,2025-10-09 00:00:00,ACTIVE,343.38,456.9
Auto Part 180,Description for Auto Part 180,PN00180,63,148,Location 2,2025-02-15 00:00:00,2025-09-27 00:00:00,ACTIVE,231.29,340.32
Auto Part 181,Description for Auto Part 181,PN00181,70,951,Location 18,2025-03-15 00:00:00,2025-11-23 00:00:00,ACTIVE,104.03,163.45
Auto Part 182,Description for Auto Part 182,PN00182,41,321,Location 7,2025-11-12 00:00:00,2026-01-16 00:00:00,INACTIVE,173.6,234.77
Auto Part 183,Description for Auto Part 183,PN00183,1,247,Location 4,2025-12-16 00:00:00,2026-02-17 00:00:00,ACTIVE,160.8,250.74
Auto Part 184,Description for Auto Part 184,PN00184,26,208,Location 12,2026-02-22 00:00:00,2026-04-15 00:00:00,INACTIVE,412.36,793.66
Auto Part 185,Description for Auto Part 185,PN00185,46,502,Location 10,2026-03-15 00:00:00,2026-04-26 00:00:00,ACTIVE,154.31,361.74
Auto Part 186,Description for Auto Part 186,PN00186,67,74,Location 20,2025-03-09 00:00:00,2025-04-21 00:00:00,INACTIVE,281.08,338.55
Auto Part 187,Description for Auto Part 187,PN00187,8,583,Location 11,2026-03-03 00:00:00,2026-03-30 00:00:00,ACTIVE,79.63,186.17
Auto Part 188,Description for Auto Part 188,PN00188,36,457,Location 1,2025-10-16 00:00:00,2025-11-17 00:00:00,ACTIVE,415.53,582.28
Auto Part 189,Description for Auto Part 189,PN00189,2,990,Location 4,2025-03-17 00:00:00,2025-11-15 00:00:00,ACTIVE,264.24,522.32
Auto Part 190,Description for Auto Part 190,PN00190,51,638,Location 10,2025-05-31 00:00:00,2025-08-11 00:00:00,INACTIVE,447.5,704.06
Auto Part 191,Description for Auto Part 191,PN00191,58,370,Location 2,2025-05-27 00:00:00,2025-07-14 00:00:00,ACTIVE,406.49,464.24
Auto Part 192,Description for Auto Part 192,PN00192,1,756,Location 1,2025-08-16 00:00:00,2026-03-02 00:00:00,ACTIVE,167.56,329.07
Auto Part 193,Description for Auto Part 193,PN00193,70,139,Location 13,2026-01-22 00:00:00,2026-03-01 00:00:00,ACTIVE,416.33,583.8
Auto Part 194,Description for Auto Part 194,PN00194,54,514,Location 6,2025-10-22 00:00:00,2026-03-17 00:00:00,ACTIVE,292.95,667.1
Auto Part 195,Description for Auto Part 195,PN00195,63,473,Location 17,2025-05-30 00:00:00,2025-09-12 00:00:00,ACTIVE,298.22,577.04
Auto Part 196,Description for Auto Part 196,PN00196,10,97,Location 2,2026-04-21 00:00:00,2026-04-22 00:00:00,ACTIVE,181.05,231.37
Auto Part 197,Description for Auto Part 197,PN00197,44,455,Location 12,2026-03-19 00:00:00,2026-03-19 00:00:00,ACTIVE,151.35,206.97
Auto Part 198,Description for Auto Part 198,PN00198,40,530,Location 19,2025-03-27 00:00:00,2025-07-01 00:00:00,INACTIVE,488.62,1020.16
Auto Part 199,Description for Auto Part 199,PN00199,58,717,Location 5,2026-03-22 00:00:00,2026-04-12 00:00:00,ACTIVE,472.57,966.35
Auto Part 200,Description for Auto Part 200,PN00200,46,981,Location 11,2025-05-04 00:00:00,2025-06-15 00:00:00,INACTIVE,100.36,168.77
Auto Part 201,Description for Auto Part 201,PN00201,40,518,Location 4,2025-05-24 00:00:00,2025-09-23 00:00:00,ACTIVE,222.73,504.45
Auto Part 202,Description for Auto Part 202,PN00202,14,310,Location 17,2025-11-28 00:00:00,2026-04-14 00:00:00,ACTIVE,336.18,523.31
Auto Part 203,Description for Auto Part 203,PN00203,20,111,Location 14,2025-05-13 00:00:00,2026-03-28 00:00:00,ACTIVE,71.61,105.4
Auto Part 204,Description for Auto Part 204,PN00204,39,81,Location 12,2026-01-01 00:00:00,2026-03-21 00:00:00,ACTIVE,67.4,143.76
Auto Part 205,Description for Auto Part 205,PN00205,62,142,Location 5,2025-09-15 00:00:00,2025-10-20 00:00:00,ACTIVE,388.09,447.9
Auto Part 206,Description for Auto Part 206,PN00206,14,40,Location 19,2025-07-04 00:00:00,2026-01-27 00:00:00,ACTIVE,369.41,580.67
Auto Part 207,Description for Auto Part 207,PN00207,45,223,Location 15,2025-06-24 00:00:00,2026-04-10 00:00:00,ACTIVE,331.9,749.49
Auto Part 208,Description for Auto Part 208,PN00208,54,139,Location 8,2025-08-22 00:00:00,2026-03-08 00:00:00,ACTIVE,125.44,270.28
Auto Part 209,Description for Auto Part 209,PN00209,33,726,Location 10,2025-05-20 00:00:00,2025-08-26 00:00:00,ACTIVE,210.68,386.35
Auto Part 210,Description for Auto Part 210,PN00210,39,15,Location 1,2026-03-30 00:00:00,2026-04-02 00:00:00,INACTIVE,437.11,1084.4
Auto Part 211,Description for Auto Part 211,PN00211,2,514,Location 6,2025-10-02 00:00:00,2026-03-25 00:00:00,ACTIVE,343.58,458.37
Auto Part 212,Description for Auto Part 212,PN00212,55,432,Location 12,2025-04-29 00:00:00,2025-07-31 00:00:00,ACTIVE,64.97,94.8
Auto Part 213,Description for Auto Part 213,PN00213,49,493,Location 13,2026-02-06 00:00:00,2026-03-23 00:00:00,ACTIVE,468.56,1066.99
Auto Part 214,Description for Auto Part 214,PN00214,24,633,Location 10,2025-11-14 00:00:00,2025-11-22 00:00:00,INACTIVE,279.38,539.1
Auto Part 215,Description for Auto Part 215,PN00215,52,144,Location 17,2026-04-20 00:00:00,2026-04-26 00:00:00,ACTIVE,150.64,315.3
Auto Part 216,Description for Auto Part 216,PN00216,38,701,Location 12,2025-12-22 00:00:00,2026-02-14 00:00:00,INACTIVE,368.37,779.07
Auto Part 217,Description for Auto Part 217,PN00217,60,209,Location 12,2025-12-19 00:00:00,2026-04-27 00:00:00,ACTIVE,325.47,695.95
Auto Part 218,Description for Auto Part 218,PN00218,59,111,Location 13,2025-12-13 00:00:00,2026-03-20 00:00:00,ACTIVE,51.85,93.94
Auto Part 219,Description for Auto Part 219,PN00219,32,882,Location 10,2026-04-17 00:00:00,2026-04-22 00:00:00,ACTIVE,379.58,435.99
Auto Part 220,Description for Auto Part 220,PN00220,39,556,Location 19,2026-02-21 00:00:00,2026-04-09 00:00:00,ACTIVE,499.5,590.26
Auto Part 221,Description for Auto Part 221,PN00221,38,448,Location 20,2025-08-09 00:00:00,2026-02-12 00:00:00,INACTIVE,396.63,529.11
Auto Part 222,Description for Auto Part 222,PN00222,21,429,Location 15,2026-02-19 00:00:00,2026-03-16 00:00:00,ACTIVE,357.41,445.07
Auto Part 223,Description for Auto Part 223,PN00223,44,973,Location 13,2025-04-05 00:00:00,2026-03-24 00:00:00,ACTIVE,406.78,882.81
Auto Part 224,Description for Auto Part 224,PN00224,52,88,Location 16,2025-06-01 00:00:00,2025-08-12 00:00:00,ACTIVE,388.23,810.74
Auto Part 225,Description for Auto Part 225,PN00225,45,569,Location 1,2025-06-08 00:00:00,2026-03-22 00:00:00,ACTIVE,360.7,728.62
Auto Part 226,Description for Auto Part 226,PN00226,63,144,Location 4,2026-01-31 00:00:00,2026-04-08 00:00:00,ACTIVE,331.85,753.72
Auto Part 227,Description for Auto Part 227,PN00227,16,287,Location 3,2025-12-22 00:00:00,2026-04-20 00:00:00,ACTIVE,419.35,915.96
Auto Part 228,Description for Auto Part 228,PN00228,49,483,Location 18,2025-05-12 00:00:00,2025-10-27 00:00:00,ACTIVE,492.27,758.06
Auto Part 229,Description for Auto Part 229,PN00229,10,731,Location 11,2025-11-20 00:00:00,2026-02-13 00:00:00,ACTIVE,359.51,743.58
Auto Part 230,Description for Auto Part 230,PN00230,13,161,Location 14,2026-03-20 00:00:00,2026-04-13 00:00:00,ACTIVE,424.66,633.74
Auto Part 231,Description for Auto Part 231,PN00231,60,358,Location 11,2025-11-22 00:00:00,2025-11-26 00:00:00,ACTIVE,402.93,462.25
Auto Part 232,Description for Auto Part 232,PN00232,13,937,Location 12,2025-04-11 00:00:00,2025-08-02 00:00:00,ACTIVE,95.93,238.76
Auto Part 233,Description for Auto Part 233,PN00233,54,324,Location 9,2026-02-01 00:00:00,2026-03-07 00:00:00,ACTIVE,152.19,351.58
Auto Part 234,Description for Auto Part 234,PN00234,27,944,Location 15,2025-09-28 00:00:00,2025-11-19 00:00:00,ACTIVE,262.23,594.96
Auto Part 235,Description for Auto Part 235,PN00235,55,672,Location 8,2026-04-11 00:00:00,2026-04-21 00:00:00,ACTIVE,235.69,270.37
Auto Part 236,Description for Auto Part 236,PN00236,41,81,Location 20,2025-01-23 00:00:00,2025-05-29 00:00:00,ACTIVE,83.49,93.23
Auto Part 237,Description for Auto Part 237,PN00237,11,568,Location 6,2025-01-25 00:00:00,2025-08-17 00:00:00,INACTIVE,449.45,1036.14
Auto Part 238,Description for Auto Part 238,PN00238,54,171,Location 3,2026-02-19 00:00:00,2026-04-20 00:00:00,ACTIVE,404.21,532.05
Auto Part 239,Description for Auto Part 239,PN00239,36,332,Location 20,2026-03-11 00:00:00,2026-04-25 00:00:00,ACTIVE,63.96,80.43
Auto Part 240,Description for Auto Part 240,PN00240,22,713,Location 16,2025-04-27 00:00:00,2025-12-10 00:00:00,ACTIVE,433.12,638.8
Auto Part 241,Description for Auto Part 241,PN00241,26,906,Location 11,2025-12-14 00:00:00,2026-04-07 00:00:00,ACTIVE,200.06,248.72
Auto Part 242,Description for Auto Part 242,PN00242,68,345,Location 15,2025-02-06 00:00:00,2026-02-22 00:00:00,ACTIVE,192.98,298.94
Auto Part 243,Description for Auto Part 243,PN00243,38,982,Location 20,2025-10-07 00:00:00,2026-01-18 00:00:00,ACTIVE,228.49,299.97
Auto Part 244,Description for Auto Part 244,PN00244,29,9,Location 4,2026-03-01 00:00:00,2026-03-11 00:00:00,INACTIVE,308.85,512.03
Auto Part 245,Description for Auto Part 245,PN00245,8,886,Location 15,2025-03-12 00:00:00,2025-04-16 00:00:00,ACTIVE,317.38,561.96
Auto Part 246,Description for Auto Part 246,PN00246,16,858,Location 9,2025-11-13 00:00:00,2026-02-28 00:00:00,ACTIVE,288.14,364.11
Auto Part 247,Description for Auto Part 247,PN00247,16,272,Location 14,2026-02-11 00:00:00,2026-03-11 00:00:00,ACTIVE,252.3,531.44
Auto Part 248,Description for Auto Part 248,PN00248,23,289,Location 11,2025-11-13 00:00:00,2026-04-25 00:00:00,ACTIVE,93.54,211.23
Auto Part 249,Description for Auto Part 249,PN00249,54,46,Location 11,2025-04-15 00:00:00,2026-04-22 00:00:00,ACTIVE,464.97,845.22
Auto Part 250,Description for Auto Part 250,PN00250,67,621,Location 1,2025-04-27 00:00:00,2025-06-29 00:00:00,INACTIVE,409.5,988.56
Auto Part 251,Description for Auto Part 251,PN00251,2,254,Location 13,2025-09-19 00:00:00,2026-03-14 00:00:00,ACTIVE,493.35,1056.56
Auto Part 252,Description for Auto Part 252,PN00252,39,245,Location 11,2026-02-06 00:00:00,2026-03-02 00:00:00,ACTIVE,282.33,321.69
Auto Part 253,Description for Auto Part 253,PN00253,32,244,Location 10,2025-02-17 00:00:00,2026-02-06 00:00:00,INACTIVE,106.16,186.86
Auto Part 254,Description for Auto Part 254,PN00254,67,654,Location 9,2025-12-13 00:00:00,2026-03-16 00:00:00,ACTIVE,309.84,372.21
Auto Part 255,Description for Auto Part 255,PN00255,33,231,Location 18,2025-02-12 00:00:00,2025-04-30 00:00:00,ACTIVE,424.81,587.86
Auto Part 256,Description for Auto Part 256,PN00256,53,167,Location 7,2026-01-29 00:00:00,2026-04-04 00:00:00,ACTIVE,352.19,589.34
Auto Part 257,Description for Auto Part 257,PN00257,67,509,Location 12,2025-11-27 00:00:00,2026-03-10 00:00:00,INACTIVE,331.03,385.07
Auto Part 258,Description for Auto Part 258,PN00258,36,538,Location 2,2026-02-02 00:00:00,2026-03-16 00:00:00,ACTIVE,138.72,337.1
Auto Part 259,Description for Auto Part 259,PN00259,30,390,Location 14,2025-06-28 00:00:00,2025-09-07 00:00:00,ACTIVE,308.28,715.66
Auto Part 260,Description for Auto Part 260,PN00260,2,851,Location 18,2025-07-29 00:00:00,2025-09-25 00:00:00,ACTIVE,474.13,769.37
Auto Part 261,Description for Auto Part 261,PN00261,1,868,Location 5,2025-08-28 00:00:00,2026-01-13 00:00:00,INACTIVE,428.2,980.41
Auto Part 262,Description for Auto Part 262,PN00262,8,817,Location 16,2025-03-08 00:00:00,2025-07-13 00:00:00,ACTIVE,158.99,250.27
Auto Part 263,Description for Auto Part 263,PN00263,33,330,Location 10,2025-09-19 00:00:00,2025-11-10 00:00:00,ACTIVE,446.23,517.08
Auto Part 264,Description for Auto Part 264,PN00264,19,421,Location 14,2025-10-29 00:00:00,2026-04-15 00:00:00,INACTIVE,394.88,776.92
Auto Part 265,Description for Auto Part 265,PN00265,17,733,Location 9,2026-03-21 00:00:00,2026-04-15 00:00:00,ACTIVE,197.29,443.81
Auto Part 266,Description for Auto Part 266,PN00266,50,465,Location 5,2025-04-12 00:00:00,2025-12-30 00:00:00,ACTIVE,310.18,744.53
Auto Part 267,Description for Auto Part 267,PN00267,48,991,Location 13,2026-03-21 00:00:00,2026-04-08 00:00:00,INACTIVE,437.71,739.05
Auto Part 268,Description for Auto Part 268,PN00268,55,206,Location 8,2025-03-14 00:00:00,2026-03-14 00:00:00,ACTIVE,292.67,656.31
Auto Part 269,Description for Auto Part 269,PN00269,3,225,Location 7,2026-04-16 00:00:00,2026-04-25 00:00:00,INACTIVE,274.39,456.74
Auto Part 270,Description for Auto Part 270,PN00270,27,519,Location 18,2026-03-15 00:00:00,2026-04-21 00:00:00,ACTIVE,417.65,884.03
Auto Part 271,Description for Auto Part 271,PN00271,41,374,Location 18,2025-11-09 00:00:00,2025-11-25 00:00:00,ACTIVE,332.35,405.8
Auto Part 272,Description for Auto Part 272,PN00272,40,375,Location 6,2025-01-08 00:00:00,2026-04-05 00:00:00,ACTIVE,294.33,376.14
Auto Part 273,Description for Auto Part 273,PN00273,66,810,Location 20,2025-06-06 00:00:00,2026-01-29 00:00:00,ACTIVE,324.18,716.89
Auto Part 274,Description for Auto Part 274,PN00274,42,742,Location 16,2025-01-16 00:00:00,2025-03-29 00:00:00,ACTIVE,490.2,1104.07
Auto Part 275,Description for Auto Part 275,PN00275,16,272,Location 2,2025-06-23 00:00:00,2026-02-22 00:00:00,INACTIVE,279.94,356.84
Auto Part 276,Description for Auto Part 276,PN00276,20,195,Location 13,2025-12-23 00:00:00,2026-01-28 00:00:00,ACTIVE,198.34,394.8
Auto Part 277,Description for Auto Part 277,PN00277,43,953,Location 4,2025-11-12 00:00:00,2025-11-19 00:00:00,ACTIVE,349.71,523.57
Auto Part 278,Description for Auto Part 278,PN00278,23,116,Location 5,2025-03-26 00:00:00,2025-05-12 00:00:00,ACTIVE,438.3,552.23
Auto Part 279,Description for Auto Part 279,PN00279,48,601,Location 11,2026-03-03 00:00:00,2026-04-06 00:00:00,ACTIVE,362.18,745.89
Auto Part 280,Description for Auto Part 280,PN00280,44,749,Location 10,2025-04-28 00:00:00,2025-06-22 00:00:00,ACTIVE,71.28,170.78
Auto Part 281,Description for Auto Part 281,PN00281,58,295,Location 18,2025-12-08 00:00:00,2025-12-23 00:00:00,ACTIVE,130.28,185.11
Auto Part 282,Description for Auto Part 282,PN00282,6,81,Location 12,2026-03-19 00:00:00,2026-03-19 00:00:00,ACTIVE,129.47,281.67
Auto Part 283,Description for Auto Part 283,PN00283,59,801,Location 12,2025-08-28 00:00:00,2025-08-28 00:00:00,ACTIVE,349.19,564.74
Auto Part 284,Description for Auto Part 284,PN00284,38,509,Location 7,2025-03-28 00:00:00,2025-12-26 00:00:00,ACTIVE,213.99,246.28
Auto Part 285,Description for Auto Part 285,PN00285,4,227,Location 20,2026-02-06 00:00:00,2026-03-12 00:00:00,ACTIVE,455.54,1053.93
Auto Part 286,Description for Auto Part 286,PN00286,66,501,Location 13,2025-06-12 00:00:00,2025-09-02 00:00:00,ACTIVE,206.73,367.0
Auto Part 287,Description for Auto Part 287,PN00287,56,815,Location 8,2025-10-27 00:00:00,2026-01-14 00:00:00,ACTIVE,122.19,294.06
Auto Part 288,Description for Auto Part 288,PN00288,66,684,Location 3,2026-03-17 00:00:00,2026-04-01 00:00:00,ACTIVE,177.43,427.5
Auto Part 289,Description for Auto Part 289,PN00289,19,382,Location 12,2026-03-19 00:00:00,2026-04-01 00:00:00,INACTIVE,162.54,341.85
Auto Part 290,Description for Auto Part 290,PN00290,48,302,Location 13,2025-02-27 00:00:00,2025-04-18 00:00:00,INACTIVE,92.92,164.16
Auto Part 291,Description for Auto Part 291,PN00291,46,358,Location 7,2025-08-05 00:00:00,2026-03-03 00:00:00,ACTIVE,233.94,513.43
Auto Part 292,Description for Auto Part 292,PN00292,18,754,Location 5,2025-02-01 00:00:00,2025-02-20 00:00:00,ACTIVE,344.87,466.29
Auto Part 293,Description for Auto Part 293,PN00293,26,706,Location 15,2025-05-28 00:00:00,2026-03-16 00:00:00,INACTIVE,175.51,347.56
Auto Part 294,Description for Auto Part 294,PN00294,40,59,Location 8,2025-07-17 00:00:00,2026-04-14 00:00:00,INACTIVE,98.98,204.45
Auto Part 295,Description for Auto Part 295,PN00295,10,535,Location 11,2025-08-16 00:00:00,2025-09-06 00:00:00,ACTIVE,87.52,119.53
Auto Part 296,Description for Auto Part 296,PN00296,15,989,Location 2,2026-04-11 00:00:00,2026-04-17 00:00:00,ACTIVE,293.09,357.35
Auto Part 297,Description for Auto Part 297,PN00297,26,921,Location 2,2025-01-23 00:00:00,2025-11-04 00:00:00,ACTIVE,279.95,421.56
Auto Part 298,Description for Auto Part 298,PN00298,13,464,Location 1,2026-03-01 00:00:00,2026-04-13 00:00:00,ACTIVE,283.53,454.34
Auto Part 299,Description for Auto Part 299,PN00299,8,659,Location 1,2025-03-16 00:00:00,2025-09-04 00:00:00,ACTIVE,412.49,724.54
Auto Part 300,Description for Auto Part 300,PN00300,67,559,Location 10,2026-03-15 00:00:00,2026-04-14 00:00:00,ACTIVE,268.63,443.56
Auto Part 301,Description for Auto Part 301,PN00301,40,912,Location 6,2025-04-05 00:00:00,2025-07-10 00:00:00,ACTIVE,287.2,373.62
Auto Part 302,Description for Auto Part 302,PN00302,31,493,Location 13,2025-03-17 00:00:00,2025-06-27 00:00:00,ACTIVE,57.76,128.99
Auto Part 303,Description for Auto Part 303,PN00303,44,982,Location 1,2025-06-02 00:00:00,2025-11-28 00:00:00,ACTIVE,118.1,252.53
Auto Part 304,Description for Auto Part 304,PN00304,12,261,Location 8,2026-04-08 00:00:00,2026-04-19 00:00:00,ACTIVE,109.67,183.6
Auto Part 305,Description for Auto Part 305,PN00305,8,791,Location 4,2025-04-18 00:00:00,2026-02-21 00:00:00,ACTIVE,266.2,320.4
Auto Part 306,Description for Auto Part 306,PN00306,29,166,Location 12,2025-03-23 00:00:00,2026-02-26 00:00:00,ACTIVE,291.6,436.98
Auto Part 307,Description for Auto Part 307,PN00307,29,622,Location 5,2025-07-20 00:00:00,2026-03-09 00:00:00,ACTIVE,137.77,327.37
Auto Part 308,Description for Auto Part 308,PN00308,24,39,Location 5,2025-07-29 00:00:00,2025-12-07 00:00:00,ACTIVE,496.84,974.13
Auto Part 309,Description for Auto Part 309,PN00309,12,566,Location 1,2025-01-16 00:00:00,2025-05-26 00:00:00,ACTIVE,356.42,768.82
Auto Part 310,Description for Auto Part 310,PN00310,60,973,Location 5,2026-04-12 00:00:00,2026-04-14 00:00:00,ACTIVE,298.03,413.01
Auto Part 311,Description for Auto Part 311,PN00311,65,211,Location 17,2026-01-21 00:00:00,2026-04-14 00:00:00,ACTIVE,162.85,200.43
Auto Part 312,Description for Auto Part 312,PN00312,30,818,Location 1,2026-01-10 00:00:00,2026-01-27 00:00:00,ACTIVE,115.34,274.25
Auto Part 313,Description for Auto Part 313,PN00313,34,395,Location 3,2025-09-11 00:00:00,2026-01-21 00:00:00,INACTIVE,249.79,548.62
Auto Part 314,Description for Auto Part 314,PN00314,61,465,Location 3,2025-12-20 00:00:00,2026-01-16 00:00:00,ACTIVE,252.17,580.68
Auto Part 315,Description for Auto Part 315,PN00315,50,624,Location 10,2026-04-09 00:00:00,2026-04-12 00:00:00,ACTIVE,463.74,1042.51
Auto Part 316,Description for Auto Part 316,PN00316,15,811,Location 18,2025-04-14 00:00:00,2025-04-25 00:00:00,ACTIVE,428.27,558.98
Auto Part 317,Description for Auto Part 317,PN00317,20,507,Location 10,2026-01-01 00:00:00,2026-03-14 00:00:00,INACTIVE,352.4,713.48
Auto Part 318,Description for Auto Part 318,PN00318,24,165,Location 20,2025-08-03 00:00:00,2026-04-04 00:00:00,ACTIVE,318.97,726.28
Auto Part 319,Description for Auto Part 319,PN00319,60,973,Location 12,2025-06-24 00:00:00,2025-07-06 00:00:00,ACTIVE,290.35,494.89
Auto Part 320,Description for Auto Part 320,PN00320,11,807,Location 19,2026-04-05 00:00:00,2026-04-23 00:00:00,ACTIVE,399.55,579.43
Auto Part 321,Description for Auto Part 321,PN00321,8,489,Location 16,2025-02-18 00:00:00,2025-11-16 00:00:00,ACTIVE,283.73,534.15
Auto Part 322,Description for Auto Part 322,PN00322,19,433,Location 4,2025-12-30 00:00:00,2026-04-14 00:00:00,ACTIVE,277.12,427.93
Auto Part 323,Description for Auto Part 323,PN00323,20,813,Location 15,2025-10-03 00:00:00,2026-01-27 00:00:00,ACTIVE,321.07,371.27
Auto Part 324,Description for Auto Part 324,PN00324,15,362,Location 15,2025-12-13 00:00:00,2025-12-16 00:00:00,ACTIVE,271.71,551.76
Auto Part 325,Description for Auto Part 325,PN00325,34,223,Location 11,2025-11-10 00:00:00,2025-12-13 00:00:00,ACTIVE,477.82,852.06
Auto Part 326,Description for Auto Part 326,PN00326,2,707,Location 17,2025-04-18 00:00:00,2026-01-19 00:00:00,ACTIVE,476.07,788.35
Auto Part 327,Description for Auto Part 327,PN00327,53,440,Location 14,2026-03-07 00:00:00,2026-04-05 00:00:00,ACTIVE,120.12,223.65
Auto Part 328,Description for Auto Part 328,PN00328,57,26,Location 11,2025-10-12 00:00:00,2025-10-20 00:00:00,ACTIVE,118.8,168.84
Auto Part 329,Description for Auto Part 329,PN00329,28,207,Location 11,2025-10-22 00:00:00,2026-01-19 00:00:00,ACTIVE,193.29,277.68
Auto Part 330,Description for Auto Part 330,PN00330,49,15,Location 15,2025-09-27 00:00:00,2026-03-27 00:00:00,ACTIVE,87.41,189.25
Auto Part 331,Description for Auto Part 331,PN00331,6,176,Location 17,2025-12-28 00:00:00,2026-01-14 00:00:00,ACTIVE,179.92,437.5
Auto Part 332,Description for Auto Part 332,PN00332,67,21,Location 11,2025-01-28 00:00:00,2026-03-24 00:00:00,ACTIVE,379.16,528.63
Auto Part 333,Description for Auto Part 333,PN00333,39,788,Location 2,2025-04-28 00:00:00,2025-11-08 00:00:00,ACTIVE,59.33,93.08
Auto Part 334,Description for Auto Part 334,PN00334,64,961,Location 12,2025-05-20 00:00:00,2025-09-30 00:00:00,INACTIVE,134.21,268.85
Auto Part 335,Description for Auto Part 335,PN00335,41,965,Location 16,2026-01-23 00:00:00,2026-04-08 00:00:00,ACTIVE,287.94,624.15
Auto Part 336,Description for Auto Part 336,PN00336,8,199,Location 6,2025-12-24 00:00:00,2026-02-18 00:00:00,ACTIVE,223.51,546.87
Auto Part 337,Description for Auto Part 337,PN00337,54,381,Location 1,2025-05-01 00:00:00,2025-11-23 00:00:00,ACTIVE,301.6,399.53
Auto Part 338,Description for Auto Part 338,PN00338,6,389,Location 14,2025-12-23 00:00:00,2025-12-25 00:00:00,ACTIVE,348.51,695.57
Auto Part 339,Description for Auto Part 339,PN00339,35,400,Location 20,2025-10-21 00:00:00,2026-04-08 00:00:00,ACTIVE,380.16,673.08
Auto Part 340,Description for Auto Part 340,PN00340,57,929,Location 15,2026-02-04 00:00:00,2026-04-03 00:00:00,ACTIVE,338.93,503.05
Auto Part 341,Description for Auto Part 341,PN00341,11,853,Location 5,2026-02-24 00:00:00,2026-04-17 00:00:00,ACTIVE,184.79,301.03
Auto Part 342,Description for Auto Part 342,PN00342,29,955,Location 16,2025-02-15 00:00:00,2025-05-14 00:00:00,ACTIVE,444.07,496.89
Auto Part 343,Description for Auto Part 343,PN00343,29,421,Location 13,2025-05-12 00:00:00,2026-04-14 00:00:00,ACTIVE,173.31,370.53
Auto Part 344,Description for Auto Part 344,PN00344,53,338,Location 14,2026-01-03 00:00:00,2026-01-24 00:00:00,ACTIVE,260.13,623.67
Auto Part 345,Description for Auto Part 345,PN00345,68,974,Location 3,2026-01-10 00:00:00,2026-03-08 00:00:00,ACTIVE,360.66,851.4
Auto Part 346,Description for Auto Part 346,PN00346,46,93,Location 16,2025-12-25 00:00:00,2026-04-20 00:00:00,INACTIVE,58.23,113.88
Auto Part 347,Description for Auto Part 347,PN00347,34,579,Location 9,2025-10-16 00:00:00,2026-01-27 00:00:00,ACTIVE,331.15,542.24
Auto Part 348,Description for Auto Part 348,PN00348,21,348,Location 3,2025-01-17 00:00:00,2026-04-03 00:00:00,INACTIVE,491.55,1081.1
Auto Part 349,Description for Auto Part 349,PN00349,38,945,Location 2,2025-11-13 00:00:00,2025-11-21 00:00:00,INACTIVE,77.1,179.12
Auto Part 350,Description for Auto Part 350,PN00350,53,387,Location 16,2025-10-25 00:00:00,2026-03-07 00:00:00,INACTIVE,129.14,189.86
Auto Part 351,Description for Auto Part 351,PN00351,12,162,Location 1,2025-08-27 00:00:00,2026-03-23 00:00:00,ACTIVE,1308.0,2298.21
Auto Part 352,Description for Auto Part 352,PN00352,49,705,Location 20,2025-05-24 00:00:00,2025-06-15 00:00:00,INACTIVE,1250.89,2233.69
Auto Part 353,Description for Auto Part 353,PN00353,15,805,Location 4,2025-03-11 00:00:00,2025-10-18 00:00:00,ACTIVE,1387.12,2087.81
Auto Part 354,Description for Auto Part 354,PN00354,54,644,Location 4,2026-02-23 00:00:00,2026-03-31 00:00:00,ACTIVE,1681.78,2420.89
Auto Part 355,Description for Auto Part 355,PN00355,66,988,Location 9,2025-10-27 00:00:00,2026-04-24 00:00:00,ACTIVE,1197.75,1458.48
Auto Part 356,Description for Auto Part 356,PN00356,45,516,Location 6,2025-07-02 00:00:00,2025-08-11 00:00:00,ACTIVE,918.42,1150.26
Auto Part 357,Description for Auto Part 357,PN00357,25,827,Location 18,2025-06-17 00:00:00,2026-01-08 00:00:00,INACTIVE,1872.99,3372.87
Auto Part 358,Description for Auto Part 358,PN00358,62,514,Location 8,2026-03-02 00:00:00,2026-03-10 00:00:00,ACTIVE,505.29,798.01
Auto Part 359,Description for Auto Part 359,PN00359,69,77,Location 18,2025-07-10 00:00:00,2025-09-14 00:00:00,ACTIVE,869.25,1526.1
Auto Part 360,Description for Auto Part 360,PN00360,47,843,Location 5,2025-01-31 00:00:00,2026-02-01 00:00:00,ACTIVE,517.4,637.71
Auto Part 361,Description for Auto Part 361,PN00361,21,267,Location 18,2025-10-06 00:00:00,2026-03-04 00:00:00,ACTIVE,1480.63,2380.66
Auto Part 362,Description for Auto Part 362,PN00362,26,758,Location 17,2026-03-06 00:00:00,2026-03-28 00:00:00,INACTIVE,1108.6,1633.45
Auto Part 363,Description for Auto Part 363,PN00363,44,573,Location 11,2026-02-05 00:00:00,2026-04-19 00:00:00,ACTIVE,852.87,1686.82
Auto Part 364,Description for Auto Part 364,PN00364,5,227,Location 10,2025-04-24 00:00:00,2026-02-04 00:00:00,ACTIVE,1230.12,1499.76
Auto Part 365,Description for Auto Part 365,PN00365,51,918,Location 2,2025-03-22 00:00:00,2025-06-15 00:00:00,ACTIVE,945.71,1135.47
Auto Part 366,Description for Auto Part 366,PN00366,69,619,Location 8,2026-04-21 00:00:00,2026-04-21 00:00:00,ACTIVE,1116.36,1356.93
Auto Part 367,Description for Auto Part 367,PN00367,7,740,Location 7,2025-05-23 00:00:00,2025-07-21 00:00:00,ACTIVE,1996.39,2640.16
Auto Part 368,Description for Auto Part 368,PN00368,63,549,Location 19,2026-01-02 00:00:00,2026-02-08 00:00:00,ACTIVE,1413.59,1801.25
Auto Part 369,Description for Auto Part 369,PN00369,29,917,Location 13,2025-06-18 00:00:00,2026-04-07 00:00:00,ACTIVE,644.32,871.21
Auto Part 370,Description for Auto Part 370,PN00370,69,144,Location 19,2026-01-11 00:00:00,2026-01-18 00:00:00,ACTIVE,1298.52,1586.86
Auto Part 371,Description for Auto Part 371,PN00371,23,147,Location 10,2025-08-25 00:00:00,2026-01-16 00:00:00,INACTIVE,610.7,1107.31
Auto Part 372,Description for Auto Part 372,PN00372,33,794,Location 10,2026-03-20 00:00:00,2026-04-19 00:00:00,ACTIVE,1312.22,2515.18
Auto Part 373,Description for Auto Part 373,PN00373,20,106,Location 3,2026-03-03 00:00:00,2026-03-20 00:00:00,ACTIVE,1198.43,2240.9
Auto Part 374,Description for Auto Part 374,PN00374,27,259,Location 13,2025-05-25 00:00:00,2026-03-14 00:00:00,ACTIVE,1450.37,1923.01
Auto Part 375,Description for Auto Part 375,PN00375,51,866,Location 18,2026-01-19 00:00:00,2026-03-28 00:00:00,ACTIVE,819.41,1482.03
Auto Part 376,Description for Auto Part 376,PN00376,20,323,Location 19,2025-12-25 00:00:00,2026-01-19 00:00:00,ACTIVE,772.95,1314.94
Auto Part 377,Description for Auto Part 377,PN00377,29,48,Location 1,2025-08-19 00:00:00,2025-11-06 00:00:00,ACTIVE,1576.46,2342.57
Auto Part 378,Description for Auto Part 378,PN00378,53,524,Location 5,2025-03-24 00:00:00,2025-12-10 00:00:00,ACTIVE,665.49,1136.04
Auto Part 379,Description for Auto Part 379,PN00379,59,123,Location 1,2025-08-14 00:00:00,2026-02-08 00:00:00,INACTIVE,942.76,1077.17
Auto Part 380,Description for Auto Part 380,PN00380,66,710,Location 9,2026-01-12 00:00:00,2026-02-17 00:00:00,ACTIVE,1312.05,2262.33
Auto Part 381,Description for Auto Part 381,PN00381,35,996,Location 1,2025-08-04 00:00:00,2026-04-08 00:00:00,ACTIVE,1838.56,2100.35
Auto Part 382,Description for Auto Part 382,PN00382,18,423,Location 16,2025-01-02 00:00:00,2025-09-10 00:00:00,ACTIVE,725.24,1299.82
Auto Part 383,Description for Auto Part 383,PN00383,7,117,Location 18,2025-07-31 00:00:00,2025-11-03 00:00:00,ACTIVE,1996.86,2380.28
Auto Part 384,Description for Auto Part 384,PN00384,32,713,Location 15,2025-05-25 00:00:00,2025-12-13 00:00:00,ACTIVE,1202.03,1402.01
Auto Part 385,Description for Auto Part 385,PN00385,22,936,Location 16,2026-02-11 00:00:00,2026-03-15 00:00:00,ACTIVE,1903.13,3618.26
Auto Part 386,Description for Auto Part 386,PN00386,4,896,Location 15,2025-03-08 00:00:00,2025-11-08 00:00:00,ACTIVE,1941.4,2245.72
Auto Part 387,Description for Auto Part 387,PN00387,10,243,Location 2,2025-04-27 00:00:00,2025-12-17 00:00:00,ACTIVE,781.09,1090.92
Auto Part 388,Description for Auto Part 388,PN00388,56,554,Location 17,2025-05-01 00:00:00,2025-09-13 00:00:00,ACTIVE,506.36,668.33
Auto Part 389,Description for Auto Part 389,PN00389,51,245,Location 18,2025-07-08 00:00:00,2026-02-02 00:00:00,ACTIVE,1086.02,1381.25
Auto Part 390,Description for Auto Part 390,PN00390,43,234,Location 3,2025-05-16 00:00:00,2025-08-07 00:00:00,ACTIVE,1421.43,1765.2
Auto Part 391,Description for Auto Part 391,PN00391,16,885,Location 14,2026-02-11 00:00:00,2026-02-17 00:00:00,ACTIVE,1252.82,2074.87
Auto Part 392,Description for Auto Part 392,PN00392,30,166,Location 10,2025-11-06 00:00:00,2025-11-23 00:00:00,ACTIVE,796.74,877.52
Auto Part 393,Description for Auto Part 393,PN00393,30,948,Location 9,2025-06-10 00:00:00,2025-06-26 00:00:00,ACTIVE,920.78,1133.55
Auto Part 394,Description for Auto Part 394,PN00394,55,889,Location 20,2026-01-28 00:00:00,2026-04-21 00:00:00,ACTIVE,1538.18,2213.38
Auto Part 395,Description for Auto Part 395,PN00395,5,134,Location 10,2025-07-16 00:00:00,2025-07-24 00:00:00,ACTIVE,504.79,716.61
Auto Part 396,Description for Auto Part 396,PN00396,4,133,Location 14,2025-11-15 00:00:00,2026-04-03 00:00:00,ACTIVE,786.62,975.32
Auto Part 397,Description for Auto Part 397,PN00397,18,783,Location 4,2025-06-01 00:00:00,2025-10-03 00:00:00,ACTIVE,503.12,695.32
Auto Part 398,Description for Auto Part 398,PN00398,12,871,Location 19,2025-07-03 00:00:00,2026-02-28 00:00:00,INACTIVE,539.42,1056.21
Auto Part 399,Description for Auto Part 399,PN00399,5,348,Location 20,2025-06-04 00:00:00,2026-01-31 00:00:00,ACTIVE,1779.58,3042.3
Auto Part 400,Description for Auto Part 400,PN00400,41,802,Location 7,2025-04-26 00:00:00,2025-10-15 00:00:00,ACTIVE,1070.83,1286.97
Auto Part 401,Description for Auto Part 401,PN00401,7,398,Location 19,2026-01-04 00:00:00,2026-03-20 00:00:00,ACTIVE,1392.38,1979.49
Auto Part 402,Description for Auto Part 402,PN00402,54,596,Location 6,2025-12-07 00:00:00,2026-02-21 00:00:00,ACTIVE,1653.96,2645.03
Auto Part 403,Description for Auto Part 403,PN00403,18,839,Location 5,2026-01-19 00:00:00,2026-04-08 00:00:00,ACTIVE,821.83,1417.82
Auto Part 404,Description for Auto Part 404,PN00404,2,291,Location 9,2025-08-18 00:00:00,2025-11-05 00:00:00,ACTIVE,1724.61,2660.06
Auto Part 405,Description for Auto Part 405,PN00405,12,671,Location 1,2025-09-07 00:00:00,2025-12-11 00:00:00,ACTIVE,1182.43,2301.58
Auto Part 406,Description for Auto Part 406,PN00406,61,935,Location 16,2025-01-12 00:00:00,2026-03-28 00:00:00,ACTIVE,1184.35,1895.34
Auto Part 407,Description for Auto Part 407,PN00407,66,306,Location 10,2025-07-13 00:00:00,2026-01-14 00:00:00,ACTIVE,604.97,1014.47
Auto Part 408,Description for Auto Part 408,PN00408,19,75,Location 12,2025-08-21 00:00:00,2026-02-09 00:00:00,INACTIVE,1388.99,1639.69
Auto Part 409,Description for Auto Part 409,PN00409,46,583,Location 17,2026-04-08 00:00:00,2026-04-11 00:00:00,ACTIVE,502.19,940.15
Auto Part 410,Description for Auto Part 410,PN00410,31,841,Location 19,2025-09-28 00:00:00,2026-03-08 00:00:00,ACTIVE,921.78,1604.06
Auto Part 411,Description for Auto Part 411,PN00411,47,850,Location 4,2025-10-22 00:00:00,2025-11-03 00:00:00,ACTIVE,1355.83,1584.05
Auto Part 412,Description for Auto Part 412,PN00412,65,532,Location 14,2026-03-01 00:00:00,2026-03-20 00:00:00,ACTIVE,1298.43,1746.27
Auto Part 413,Description for Auto Part 413,PN00413,25,729,Location 2,2025-04-30 00:00:00,2025-06-10 00:00:00,ACTIVE,827.3,1389.43
Auto Part 414,Description for Auto Part 414,PN00414,56,124,Location 2,2025-11-21 00:00:00,2026-02-05 00:00:00,ACTIVE,1923.67,2781.06
Auto Part 415,Description for Auto Part 415,PN00415,50,455,Location 8,2025-05-19 00:00:00,2026-01-17 00:00:00,ACTIVE,560.98,809.05
Auto Part 416,Description for Auto Part 416,PN00416,31,338,Location 9,2025-02-02 00:00:00,2025-08-31 00:00:00,ACTIVE,1310.91,2208.99
Auto Part 417,Description for Auto Part 417,PN00417,53,398,Location 16,2025-01-26 00:00:00,2025-06-28 00:00:00,ACTIVE,612.56,1026.52
Auto Part 418,Description for Auto Part 418,PN00418,22,563,Location 13,2025-01-30 00:00:00,2025-03-23 00:00:00,ACTIVE,1318.29,1832.6
Auto Part 419,Description for Auto Part 419,PN00419,12,483,Location 15,2025-12-23 00:00:00,2026-01-18 00:00:00,ACTIVE,988.62,1847.04
Auto Part 420,Description for Auto Part 420,PN00420,36,602,Location 4,2026-03-29 00:00:00,2026-04-07 00:00:00,ACTIVE,1652.01,3016.13
Auto Part 421,Description for Auto Part 421,PN00421,42,883,Location 11,2025-09-27 00:00:00,2025-12-04 00:00:00,ACTIVE,642.91,1065.34
Auto Part 422,Description for Auto Part 422,PN00422,56,32,Location 5,2025-05-30 00:00:00,2026-04-25 00:00:00,ACTIVE,1466.26,1796.21
Auto Part 423,Description for Auto Part 423,PN00423,67,893,Location 12,2025-08-04 00:00:00,2025-10-23 00:00:00,ACTIVE,895.71,1186.14
Auto Part 424,Description for Auto Part 424,PN00424,62,540,Location 5,2025-04-10 00:00:00,2026-04-07 00:00:00,ACTIVE,1594.36,2603.51
Auto Part 425,Description for Auto Part 425,PN00425,56,27,Location 5,2025-10-18 00:00:00,2026-01-31 00:00:00,ACTIVE,935.02,1155.78
Auto Part 426,Description for Auto Part 426,PN00426,15,410,Location 11,2025-04-15 00:00:00,2025-09-02 00:00:00,ACTIVE,831.19,1308.48
Auto Part 427,Description for Auto Part 427,PN00427,42,573,Location 4,2025-05-01 00:00:00,2026-02-01 00:00:00,ACTIVE,796.47,1291.8
Auto Part 428,Description for Auto Part 428,PN00428,60,903,Location 12,2025-05-11 00:00:00,2025-09-15 00:00:00,ACTIVE,859.94,1202.19
Auto Part 429,Description for Auto Part 429,PN00429,24,364,Location 15,2026-04-15 00:00:00,2026-04-24 00:00:00,ACTIVE,1163.17,1884.89
Auto Part 430,Description for Auto Part 430,PN00430,31,6,Location 16,2025-12-21 00:00:00,2026-04-13 00:00:00,INACTIVE,1681.29,2210.74
Auto Part 431,Description for Auto Part 431,PN00431,10,313,Location 16,2026-01-04 00:00:00,2026-03-11 00:00:00,ACTIVE,1678.33,2503.81
Auto Part 432,Description for Auto Part 432,PN00432,21,218,Location 13,2025-06-22 00:00:00,2026-01-10 00:00:00,ACTIVE,860.17,1015.54
Auto Part 433,Description for Auto Part 433,PN00433,18,39,Location 14,2025-03-10 00:00:00,2026-01-03 00:00:00,ACTIVE,1881.18,2683.63
Auto Part 434,Description for Auto Part 434,PN00434,4,824,Location 12,2026-01-05 00:00:00,2026-02-26 00:00:00,INACTIVE,1343.36,2504.17
Auto Part 435,Description for Auto Part 435,PN00435,55,291,Location 6,2026-02-22 00:00:00,2026-03-03 00:00:00,ACTIVE,1644.88,3189.93
Auto Part 436,Description for Auto Part 436,PN00436,20,575,Location 11,2026-03-21 00:00:00,2026-04-04 00:00:00,ACTIVE,662.59,765.13
Auto Part 437,Description for Auto Part 437,PN00437,55,987,Location 3,2025-04-09 00:00:00,2025-12-20 00:00:00,ACTIVE,666.66,1324.31
Auto Part 438,Description for Auto Part 438,PN00438,55,221,Location 11,2026-03-05 00:00:00,2026-03-10 00:00:00,INACTIVE,869.59,1233.64
Auto Part 439,Description for Auto Part 439,PN00439,56,845,Location 14,2025-08-19 00:00:00,2025-12-22 00:00:00,ACTIVE,563.68,941.05
Auto Part 440,Description for Auto Part 440,PN00440,63,860,Location 18,2025-12-13 00:00:00,2026-02-19 00:00:00,ACTIVE,1512.46,2901.72
Auto Part 441,Description for Auto Part 441,PN00441,66,76,Location 4,2025-08-02 00:00:00,2026-03-20 00:00:00,INACTIVE,1983.98,2905.18
Auto Part 442,Description for Auto Part 442,PN00442,68,745,Location 8,2025-01-27 00:00:00,2025-10-03 00:00:00,ACTIVE,1057.82,1614.18
Auto Part 443,Description for Auto Part 443,PN00443,48,605,Location 14,2025-11-30 00:00:00,2025-12-02 00:00:00,ACTIVE,754.53,1435.23
Auto Part 444,Description for Auto Part 444,PN00444,4,199,Location 10,2025-08-21 00:00:00,2025-08-25 00:00:00,INACTIVE,1711.17,2104.29
Auto Part 445,Description for Auto Part 445,PN00445,63,252,Location 14,2025-10-04 00:00:00,2026-02-01 00:00:00,INACTIVE,1408.63,2204.23
Auto Part 446,Description for Auto Part 446,PN00446,64,120,Location 1,2025-09-17 00:00:00,2025-12-05 00:00:00,ACTIVE,1321.72,1480.33
Auto Part 447,Description for Auto Part 447,PN00447,54,383,Location 10,2025-08-24 00:00:00,2026-01-17 00:00:00,ACTIVE,1057.16,1222.53
Auto Part 448,Description for Auto Part 448,PN00448,26,173,Location 10,2025-06-01 00:00:00,2026-03-06 00:00:00,ACTIVE,772.4,1233.02
Auto Part 449,Description for Auto Part 449,PN00449,69,100,Location 4,2025-01-12 00:00:00,2025-05-23 00:00:00,ACTIVE,1093.46,1603.45
Auto Part 450,Description for Auto Part 450,PN00450,65,163,Location 8,2026-04-18 00:00:00,2026-04-19 00:00:00,ACTIVE,1879.02,3271.24
Auto Part 451,Description for Auto Part 451,PN00451,46,90,Location 16,2026-04-26 00:00:00,2026-04-26 00:00:00,ACTIVE,1345.51,1918.37
Auto Part 452,Description for Auto Part 452,PN00452,55,803,Location 2,2025-07-27 00:00:00,2026-01-28 00:00:00,INACTIVE,1712.45,3329.96
Auto Part 453,Description for Auto Part 453,PN00453,48,118,Location 6,2025-03-30 00:00:00,2026-03-03 00:00:00,ACTIVE,542.77,1013.47
Auto Part 454,Description for Auto Part 454,PN00454,53,583,Location 18,2025-06-16 00:00:00,2026-01-20 00:00:00,ACTIVE,1853.24,2409.25
Auto Part 455,Description for Auto Part 455,PN00455,20,321,Location 16,2025-03-08 00:00:00,2025-04-24 00:00:00,ACTIVE,1944.59,2512.72
Auto Part 456,Description for Auto Part 456,PN00456,43,749,Location 1,2026-02-06 00:00:00,2026-03-01 00:00:00,ACTIVE,1320.34,1555.56
Auto Part 457,Description for Auto Part 457,PN00457,12,905,Location 14,2025-05-17 00:00:00,2025-07-14 00:00:00,INACTIVE,1007.94,1507.94
Auto Part 458,Description for Auto Part 458,PN00458,11,634,Location 14,2026-01-16 00:00:00,2026-03-11 00:00:00,ACTIVE,769.25,922.55
Auto Part 459,Description for Auto Part 459,PN00459,7,472,Location 17,2025-01-15 00:00:00,2025-06-10 00:00:00,ACTIVE,1446.2,2506.59
Auto Part 460,Description for Auto Part 460,PN00460,64,939,Location 17,2025-01-25 00:00:00,2025-02-09 00:00:00,ACTIVE,1193.23,1412.7
Auto Part 461,Description for Auto Part 461,PN00461,56,686,Location 2,2025-01-25 00:00:00,2025-05-17 00:00:00,ACTIVE,814.26,1315.23
Auto Part 462,Description for Auto Part 462,PN00462,8,288,Location 3,2026-03-14 00:00:00,2026-04-12 00:00:00,ACTIVE,805.92,1384.84
Auto Part 463,Description for Auto Part 463,PN00463,52,359,Location 15,2026-01-06 00:00:00,2026-03-14 00:00:00,ACTIVE,1306.21,2591.67
Auto Part 464,Description for Auto Part 464,PN00464,39,678,Location 16,2025-04-16 00:00:00,2025-08-31 00:00:00,ACTIVE,1820.36,2918.51
Auto Part 465,Description for Auto Part 465,PN00465,8,642,Location 15,2025-08-07 00:00:00,2025-11-14 00:00:00,ACTIVE,1849.28,2831.02
Auto Part 466,Description for Auto Part 466,PN00466,65,419,Location 9,2025-01-08 00:00:00,2025-08-27 00:00:00,ACTIVE,1641.13,3274.87
Auto Part 467,Description for Auto Part 467,PN00467,68,109,Location 1,2025-04-25 00:00:00,2026-02-22 00:00:00,ACTIVE,715.28,1161.31
Auto Part 468,Description for Auto Part 468,PN00468,48,104,Location 9,2026-02-08 00:00:00,2026-04-24 00:00:00,ACTIVE,1684.74,2764.97
Auto Part 469,Description for Auto Part 469,PN00469,13,230,Location 13,2026-03-09 00:00:00,2026-03-11 00:00:00,ACTIVE,1847.51,2220.37
Auto Part 470,Description for Auto Part 470,PN00470,59,344,Location 15,2025-07-22 00:00:00,2025-12-27 00:00:00,INACTIVE,1649.69,2696.38
Auto Part 471,Description for Auto Part 471,PN00471,38,487,Location 12,2026-02-13 00:00:00,2026-04-20 00:00:00,ACTIVE,1528.98,2412.97
Auto Part 472,Description for Auto Part 472,PN00472,49,724,Location 12,2025-12-25 00:00:00,2026-03-31 00:00:00,INACTIVE,1658.88,3317.05
Auto Part 473,Description for Auto Part 473,PN00473,54,631,Location 11,2025-09-02 00:00:00,2026-03-21 00:00:00,INACTIVE,981.58,1290.9
Auto Part 474,Description for Auto Part 474,PN00474,32,212,Location 10,2025-09-09 00:00:00,2026-03-09 00:00:00,ACTIVE,1924.77,3684.65
Auto Part 475,Description for Auto Part 475,PN00475,25,316,Location 13,2025-03-21 00:00:00,2025-05-08 00:00:00,ACTIVE,1847.05,2091.87
Auto Part 476,Description for Auto Part 476,PN00476,57,351,Location 3,2025-09-07 00:00:00,2026-04-24 00:00:00,ACTIVE,2472.19,2993.52
Auto Part 477,Description for Auto Part 477,PN00477,70,253,Location 18,2025-06-02 00:00:00,2025-09-16 00:00:00,ACTIVE,3030.75,4670.71
Auto Part 478,Description for Auto Part 478,PN00478,1,578,Location 3,2025-11-10 00:00:00,2025-12-10 00:00:00,ACTIVE,2756.73,3629.13
Auto Part 479,Description for Auto Part 479,PN00479,40,561,Location 13,2025-08-26 00:00:00,2026-04-08 00:00:00,ACTIVE,4714.03,7741.26
Auto Part 480,Description for Auto Part 480,PN00480,43,468,Location 16,2025-10-28 00:00:00,2026-04-03 00:00:00,INACTIVE,2563.74,3178.15
Auto Part 481,Description for Auto Part 481,PN00481,22,836,Location 8,2025-08-16 00:00:00,2026-01-23 00:00:00,ACTIVE,3410.62,4013.29
Auto Part 482,Description for Auto Part 482,PN00482,26,294,Location 13,2026-01-08 00:00:00,2026-02-04 00:00:00,ACTIVE,4924.96,6333.2
Auto Part 483,Description for Auto Part 483,PN00483,21,570,Location 19,2025-06-27 00:00:00,2025-08-20 00:00:00,ACTIVE,2597.64,3134.34
Auto Part 484,Description for Auto Part 484,PN00484,67,811,Location 4,2025-03-20 00:00:00,2026-04-27 00:00:00,ACTIVE,3402.45,4718.93
Auto Part 485,Description for Auto Part 485,PN00485,43,253,Location 2,2026-02-04 00:00:00,2026-04-19 00:00:00,ACTIVE,4826.75,6369.34
Auto Part 486,Description for Auto Part 486,PN00486,62,67,Location 14,2025-02-16 00:00:00,2026-01-26 00:00:00,ACTIVE,2513.3,3492.48
Auto Part 487,Description for Auto Part 487,PN00487,65,972,Location 7,2025-04-17 00:00:00,2026-04-18 00:00:00,ACTIVE,3309.48,5194.6
Auto Part 488,Description for Auto Part 488,PN00488,41,961,Location 2,2025-10-23 00:00:00,2026-02-12 00:00:00,ACTIVE,4797.14,7195.94
Auto Part 489,Description for Auto Part 489,PN00489,61,896,Location 6,2026-02-20 00:00:00,2026-03-11 00:00:00,ACTIVE,3608.73,4266.79
Auto Part 490,Description for Auto Part 490,PN00490,70,683,Location 7,2025-02-16 00:00:00,2025-10-23 00:00:00,ACTIVE,4877.8,6295.22
Auto Part 491,Description for Auto Part 491,PN00491,21,675,Location 10,2025-03-27 00:00:00,2025-06-24 00:00:00,INACTIVE,2454.52,3263.68
Auto Part 492,Description for Auto Part 492,PN00492,69,215,Location 1,2025-10-04 00:00:00,2026-03-20 00:00:00,ACTIVE,4381.12,6718.0
Auto Part 493,Description for Auto Part 493,PN00493,8,573,Location 3,2025-02-11 00:00:00,2026-03-07 00:00:00,ACTIVE,3865.98,6127.81
Auto Part 494,Description for Auto Part 494,PN00494,33,167,Location 16,2026-02-02 00:00:00,2026-04-22 00:00:00,ACTIVE,3265.99,5503.47
Auto Part 495,Description for Auto Part 495,PN00495,15,414,Location 13,2025-07-08 00:00:00,2025-11-30 00:00:00,ACTIVE,2066.21,3047.33
Auto Part 496,Description for Auto Part 496,PN00496,20,978,Location 9,2026-01-22 00:00:00,2026-03-30 00:00:00,ACTIVE,3796.5,4401.64
Auto Part 497,Description for Auto Part 497,PN00497,63,197,Location 4,2025-10-14 00:00:00,2025-12-15 00:00:00,ACTIVE,2717.04,3955.12
Auto Part 498,Description for Auto Part 498,PN00498,64,732,Location 7,2025-07-17 00:00:00,2025-10-14 00:00:00,ACTIVE,2507.26,3832.91
Auto Part 499,Description for Auto Part 499,PN00499,25,80,Location 8,2025-02-28 00:00:00,2026-02-16 00:00:00,ACTIVE,4916.23,5855.69
Auto Part 500,Description for Auto Part 500,PN00500,11,179,Location 6,2025-01-05 00:00:00,2025-12-30 00:00:00,ACTIVE,4284.45,6904.97
